43cc9d	앞으로 잘 부탁해	COLOR*IZ SHOW-CON	공연	데뷔쇼	COLOR*IZ SHOW-CON	2018. 10. 29.	655808787
1c36b3	반해버리잖아?	COLOR*IZ SHOW-CON	공연	데뷔쇼	COLOR*IZ SHOW-CON	2018. 10. 29.	655809134
3b5edc	비밀의 시간	COLOR*IZ SHOW-CON	공연	데뷔쇼	COLOR*IZ SHOW-CON	2018. 10. 29.	655810488
e0d757	라비앙로즈	COLOR*IZ SHOW-CON	공연	데뷔쇼	COLOR*IZ SHOW-CON	2018. 10. 29.	660922568
24b410	내꺼야	COLOR*IZ SHOW-CON	공연	데뷔쇼	COLOR*IZ SHOW-CON	2018. 10. 29.	657380426
e3ff16	O' My!	COLOR*IZ SHOW-CON	공연	데뷔쇼	COLOR*IZ SHOW-CON	2018. 10. 29.	655811004
1e7605	꿈을 꾸는 동안	COLOR*IZ SHOW-CON	공연	데뷔쇼	COLOR*IZ SHOW-CON	2018. 10. 29.	655810685
d2871d	라비앙로즈	열린음악회 1239회	음악방송 (한국)	KBS1 열린음악회	1239회	2019. 4. 21.	658235975
be56c9	비올레타	열린음악회 1239회	음악방송 (한국)	KBS1 열린음악회	1239회	2019. 4. 21.	658236167
156106	라비앙로즈	뮤직뱅크 953회	음악방송 (한국)	KBS2 뮤직뱅크	953회	2018. 11. 2.	657752384
db2175	O' My!	뮤직뱅크 953회	음악방송 (한국)	KBS2 뮤직뱅크	953회	2018. 11. 2.	657751959
1930bb	라비앙로즈	뮤직뱅크 954회	음악방송 (한국)	KBS2 뮤직뱅크	954회	2018. 11. 9.	657753977
80417e	라비앙로즈	뮤직뱅크 956회	음악방송 (한국)	KBS2 뮤직뱅크	956회	2018. 11. 23.	658081753
f93be8	라비앙로즈	뮤직뱅크 960회	음악방송 (한국)	KBS2 뮤직뱅크	960회	2018. 12. 21.	658082884
f9192f	하늘 위로	뮤직뱅크 974회	음악방송 (한국)	KBS2 뮤직뱅크	974회	2019. 4. 5.	658087747
c8b9fe	비올레타	뮤직뱅크 974회	음악방송 (한국)	KBS2 뮤직뱅크	974회	2019. 4. 5.	658088608
ba39e8	비올레타	뮤직뱅크 975회	음악방송 (한국)	KBS2 뮤직뱅크	975회	2019. 4. 12.	658233937
3551bc	Really Like You	뮤직뱅크 975회	음악방송 (한국)	KBS2 뮤직뱅크	975회	2019. 4. 12.	658233747
e6631b	Airplane	뮤직뱅크 985회	음악방송 (한국)	KBS2 뮤직뱅크	985회	2019. 6. 28.	658236360
7cdedd	비올레타	뮤직뱅크 976회	음악방송 (한국)	KBS2 뮤직뱅크	976회	2019. 4. 19.	658235500
6a18ea	비올레타	뮤직뱅크 985회	음악방송 (한국)	KBS2 뮤직뱅크	985회	2019. 6. 28.	658236475
80ef5a	FIESTA	뮤직뱅크 1016회	음악방송 (한국)	KBS2 뮤직뱅크	1016회	2020. 2. 21.	658268305
c3daa3	라비앙로즈	FNS 2018	공연	Fuji TV FNS Music Festival	2018	2018. 12. 5.	661086839
fbd5e6	라비앙로즈	AAA 2018	공연	Asian Artist Awards	2018	2018. 11. 28.	660922904
ee39dc	라비앙로즈	MAMA 2018 IN KOREA	공연	Mnet Asian Music Awards	2018 IN KOREA	2018. 12. 10.	655814762
e83abc	꿈을 꾸는 동안	MAMA 2018 IN JAPAN	공연	Mnet Asian Music Awards	2018 IN JAPAN	2018. 12. 12.	657381564
c2045c	Dance break	MAMA 2018 IN JAPAN	공연	Mnet Asian Music Awards	2018 IN JAPAN	2018. 12. 12.	657381859
85bc60	비밀의 시간	MAMA 2018 IN JAPAN	공연	Mnet Asian Music Awards	2018 IN JAPAN	2018. 12. 12.	657382014
c7f36e	라비앙로즈	MAMA 2018 IN JAPAN	공연	Mnet Asian Music Awards	2018 IN JAPAN	2018. 12. 12.	657382522
629c43	Rumor	MAMA 2018 IN JAPAN	공연	Mnet Asian Music Awards	2018 IN JAPAN	2018. 12. 12.	657383353
baa302	아름다운 색	MAMA 2018 IN HONGKONG	공연	Mnet Asian Music Awards	2018 IN HONGKONG	2018. 12. 14.	657383628
b3aad9	라비앙로즈	MAMA 2018 IN HONGKONG	공연	Mnet Asian Music Awards	2018 IN HONGKONG	2018. 12. 14.	657383978
6f713d	환상동화	뮤직뱅크 1033회	음악방송 (한국)	KBS2 뮤직뱅크	1033회	2020. 6. 19.	658279073
cb9229	Suki to Iwasetai	TBS CDTV SP PRIMIER LIVE	공연	TBS	CDTV SP PRIMIER LIVE	2019. 1. 1.	657384722
87f830	O' My!	GDA 2018	공연	골든 디스크 어워즈	2018	2019. 1. 6.	660923091
8ad29d	라비앙로즈	GDA 2018	공연	골든 디스크 어워즈	2018	2019. 1. 6.	655830638
28ec5b	Intro	SMA 2018	공연	서울가요대상	2018	2019. 1. 15.	660923303
4d444c	라비앙로즈	SMA 2018	공연	서울가요대상	2018	2019. 1. 15.	660923417
d854b2	라비앙로즈	일본 데뷔 쇼케이스	공연	데뷔쇼	일본 데뷔 쇼케이스	2019. 1. 20.	655831532
6cf53b	반해버리잖아?	일본 데뷔 쇼케이스	공연	데뷔쇼	일본 데뷔 쇼케이스	2019. 1. 20.	655832007
5acbc7	고양이가 되고 싶어	일본 데뷔 쇼케이스	공연	데뷔쇼	일본 데뷔 쇼케이스	2019. 1. 20.	655829720
cd50c0	기분 좋은 안녕	일본 데뷔 쇼케이스	공연	데뷔쇼	일본 데뷔 쇼케이스	2019. 1. 20.	657385247
224808	춤이 생각날 때까지	일본 데뷔 쇼케이스	공연	데뷔쇼	일본 데뷔 쇼케이스	2019. 1. 20.	661087767
326324	꿈을 꾸는 동안	일본 데뷔 쇼케이스	공연	데뷔쇼	일본 데뷔 쇼케이스	2019. 1. 20.	655832809
c5da88	Suki to Iwasetai	일본 데뷔 쇼케이스	공연	데뷔쇼	일본 데뷔 쇼케이스	2019. 1. 20.	655829972
6ca668	O' My!	일본 데뷔 쇼케이스	공연	데뷔쇼	일본 데뷔 쇼케이스	2019. 1. 20.	661087877
eaa85d	내꺼야	일본 데뷔 쇼케이스	공연	데뷔쇼	일본 데뷔 쇼케이스	2019. 1. 20.	661087989
c3e6b1	Intro	가온차트 뮤직 어워드 2018	공연	가온차트 뮤직 어워드	2018	2019. 1. 23.	660923669
ac7656	라비앙로즈	가온차트 뮤직 어워드 2018	공연	가온차트 뮤직 어워드	2018	2019. 1. 23.	660923774
6d085c	Suki to Iwasetai	Fuji TV MUSIC FAIR	음악방송 (해외)	Suki to Iwasetai	Fuji TV MUSIC FAIR	2019. 2. 2.	660049062
35a5a0	Suki to Iwasetai	TBS CDTV	음악방송 (해외)	Suki to Iwasetai	TBS CDTV	2019. 2. 9.	660046181
eb0c84	Suki to Iwasetai	Abema TV IZ*ONE Special	음악방송 (해외)	Suki to Iwasetai	Abema TV IZ*ONE Special	2019. 2. 10.	660046421
74b8bb	라비앙로즈	Abema TV IZ*ONE Special	음악방송 (해외)	Suki to Iwasetai	Abema TV IZ*ONE Special	2019. 2. 10.	660046368
5ec3a7	반해버리잖아?	Abema TV IZ*ONE Special	음악방송 (해외)	Suki to Iwasetai	Abema TV IZ*ONE Special	2019. 2. 10.	660046306
547f61	Suki to Iwasetai	TV Asahi MUSIC STATION	음악방송 (해외)	Suki to Iwasetai	TV Asahi MUSIC STATION	2019. 2. 15.	660046474
43bdf2	Suki to Iwasetai	NTV BUZZ RHYTHM 02	음악방송 (해외)	Suki to Iwasetai	NTV BUZZ RHYTHM 02	2019. 2. 16.	660046613
6f8ea3	라비앙로즈	re:memVer party 2019	공연	re:memVer party	2019	2019. 3. 2.	656044897
176311	해바라기	HEART TO HEART*IZ	공연	컴백쇼	HEART TO HEART*IZ	2019. 4. 1.	656045865
9f97c1	하늘 위로	HEART TO HEART*IZ	공연	컴백쇼	HEART TO HEART*IZ	2019. 4. 1.	660924059
a6b36b	Suki to Iwasetai	HEART TO HEART*IZ	공연	컴백쇼	HEART TO HEART*IZ	2019. 4. 1.	660924333
93b3aa	라비앙로즈	HEART TO HEART*IZ	공연	컴백쇼	HEART TO HEART*IZ	2019. 4. 1.	656039082
e2209f	Really Like You	HEART TO HEART*IZ	공연	컴백쇼	HEART TO HEART*IZ	2019. 4. 1.	660924598
43f326	비올레타	HEART TO HEART*IZ	공연	컴백쇼	HEART TO HEART*IZ	2019. 4. 1.	660924796
848a27	환상동화	뮤직뱅크 1034회	음악방송 (한국)	KBS2 뮤직뱅크	1034회	2020. 6. 26.	658283213
0d4161	환상동화	뮤직뱅크 1035회	음악방송 (한국)	KBS2 뮤직뱅크	1035회	2020. 7. 3.	658284095
57f4b2	Panorama	뮤직뱅크 1056회	음악방송 (한국)	KBS2 뮤직뱅크	1056회	2020. 12. 11.	658904636
af05c9	라비앙로즈	쇼챔피언 291회	음악방송 (한국)	MBC every1 쇼챔피언	291회	2018. 11. 14.	657755564
bd80fb	하늘 위로	쇼챔피언 311회	음악방송 (한국)	MBC every1 쇼챔피언	311회	2019. 4. 10.	658095437
52d6a6	비올레타	쇼챔피언 311회	음악방송 (한국)	MBC every1 쇼챔피언	311회	2019. 4. 10.	658095862
72bbbc	비올레타	쇼챔피언 312회	음악방송 (한국)	MBC every1 쇼챔피언	312회	2019. 4. 17.	658235025
51b771	FIESTA	쇼챔피언 343회	음악방송 (한국)	MBC every1 쇼챔피언	343회	2020. 2. 26.	658269644
332cf8	SPACESHIP	쇼챔피언 343회	음악방송 (한국)	MBC every1 쇼챔피언	343회	2020. 2. 26.	658269853
f512d0	FIESTA	쇼챔피언 344회	음악방송 (한국)	MBC every1 쇼챔피언	344회	2020. 3. 4.	658272722
e2721c	환상동화	쇼챔피언 359회	음악방송 (한국)	MBC every1 쇼챔피언	359회	2020. 6. 24.	658280011
037d55	Pretty	쇼챔피언 359회	음악방송 (한국)	MBC every1 쇼챔피언	359회	2020. 6. 24.	658279906
1e19ee	With*One	쇼챔피언 359회	음악방송 (한국)	MBC every1 쇼챔피언	359회	2020. 6. 24.	658280141
c242a8	환상동화	쇼챔피언 360회	음악방송 (한국)	MBC every1 쇼챔피언	360회	2020. 7. 1.	658283882
0fdb1f	라비앙로즈	음악중심 609회	음악방송 (한국)	MBC 음악중심	609회	2018. 11. 3.	657752949
d1780e	라비앙로즈	음악중심 610회	음악방송 (한국)	MBC 음악중심	610회	2018. 11. 17.	658084050
00e3bb	비올레타	음악중심 627회	음악방송 (한국)	MBC 음악중심	627회	2019. 4. 6.	658090020
eb6181	비올레타	음악중심 628회	음악방송 (한국)	MBC 음악중심	628회	2019. 4. 13.	658234171
589837	비올레타	음악중심 629회	음악방송 (한국)	MBC 음악중심	629회	2019. 4. 20.	658235686
98d534	FIESTA	음악중심 668회	음악방송 (한국)	MBC 음악중심	668회	2020. 2. 22.	658268619
b37b37	SPACESHIP	음악중심 668회	음악방송 (한국)	MBC 음악중심	668회	2020. 2. 22.	658268909
24191e	FIESTA	음악중심 670회	음악방송 (한국)	MBC 음악중심	670회	2020. 3. 7.	658274143
477953	SPACESHIP	음악중심 670회	음악방송 (한국)	MBC 음악중심	670회	2020. 3. 7.	658274391
eeb268	환상동화	음악중심 683회	음악방송 (한국)	MBC 음악중심	683회	2020. 6. 20.	658279200
7df059	환상동화	음악중심 684회	음악방송 (한국)	MBC 음악중심	684회	2020. 6. 27.	658283498
6e2c6d	비올레타	SBS Super Concert IN GWANGJU	공연	SBS Super Concert	IN GWANGJU	2019. 5. 5.	656062625
10f8e6	하늘 위로	SBS Super Concert IN GWANGJU	공연	SBS Super Concert	IN GWANGJU	2019. 5. 5.	656063682
bf5085	내꺼야	KCON 2019 in Japan Day 1	공연	KCON	2019 in Japan Day 1	2019. 5. 17.	656069385
842494	라비앙로즈	KCON 2019 in Japan Day 1	공연	KCON	2019 in Japan Day 1	2019. 5. 17.	660925068
bc3264	비올레타	KCON 2019 in Japan Day 1	공연	KCON	2019 in Japan Day 1	2019. 5. 17.	656068849
00117a	Airplane	KCON 2019 in Japan Day 1	공연	KCON	2019 in Japan Day 1	2019. 5. 17.	656069718
98adbd	라비앙로즈	KCON 2019 in Japan Day 3	공연	KCON	2019 in Japan Day 3	2019. 5. 19.	660925501
e652e1	Rumor	KCON 2019 in Japan Day 3	공연	KCON	2019 in Japan Day 3	2019. 5. 19.	660925588
8347e6	비올레타	KCON 2019 in Japan Day 3	공연	KCON	2019 in Japan Day 3	2019. 5. 19.	660925287
bfcfb6	Suki to Iwasetai	KCON 2019 in Japan Day 3	공연	KCON	2019 in Japan Day 3	2019. 5. 19.	660925187
fbf1fe	하늘 위로	KCON 2019 in Japan Day 3	공연	KCON	2019 in Japan Day 3	2019. 5. 19.	656067889
61f15f	Buenos Aires	NHK 시부야노트	음악방송 (해외)	Buenos Aires	NHK 시부야노트	2019. 6. 2.	660046714
d2982e	해바라기	EYES ON ME In SEOUL Day 3	콘서트	EYES ON ME	In SEOUL Day 3	2019. 6. 9.	660521818
0eeec5	O' My!	EYES ON ME In SEOUL Day 3	콘서트	EYES ON ME	In SEOUL Day 3	2019. 6. 9.	660576718
3a7bbb	앞으로 잘 부탁해	EYES ON ME In SEOUL Day 3	콘서트	EYES ON ME	In SEOUL Day 3	2019. 6. 9.	660521292
152fa8	고양이가 되고 싶어	EYES ON ME In SEOUL Day 3	콘서트	EYES ON ME	In SEOUL Day 3	2019. 6. 9.	660520049
ed4724	기분 좋은 안녕	EYES ON ME In SEOUL Day 3	콘서트	EYES ON ME	In SEOUL Day 3	2019. 6. 9.	660868659
5f3561	Airplane	EYES ON ME In SEOUL Day 3	콘서트	EYES ON ME	In SEOUL Day 3	2019. 6. 9.	660870164
abcec3	꿈을 꾸는 동안	EYES ON ME In SEOUL Day 3	콘서트	EYES ON ME	In SEOUL Day 3	2019. 6. 9.	660577343
adf222	Really Like You	EYES ON ME In SEOUL Day 3	콘서트	EYES ON ME	In SEOUL Day 3	2019. 6. 9.	660870769
83a49d	아름다운 색	EYES ON ME In SEOUL Day 3	콘서트	EYES ON ME	In SEOUL Day 3	2019. 6. 9.	660871489
96fdc1	내꺼야	EYES ON ME In SEOUL Day 3	콘서트	EYES ON ME	In SEOUL Day 3	2019. 6. 9.	660871860
1ab5a0	SO CURIOUS	EYES ON ME In SEOUL Day 3	콘서트	EYES ON ME	In SEOUL Day 3	2019. 6. 9.	660876772
be7129	AYAYAYA	EYES ON ME In SEOUL Day 3	콘서트	EYES ON ME	In SEOUL Day 3	2019. 6. 9.	660875549
711e19	Suki to Iwasetai	EYES ON ME In SEOUL Day 3	콘서트	EYES ON ME	In SEOUL Day 3	2019. 6. 9.	660574299
944bcc	반해버리잖아?	EYES ON ME In SEOUL Day 3	콘서트	EYES ON ME	In SEOUL Day 3	2019. 6. 9.	660876138
b2a0ea	Highlight	EYES ON ME In SEOUL Day 3	콘서트	EYES ON ME	In SEOUL Day 3	2019. 6. 9.	660575074
381d57	라비앙로즈	EYES ON ME In SEOUL Day 3	콘서트	EYES ON ME	In SEOUL Day 3	2019. 6. 9.	660575594
89dc48	Rumor	EYES ON ME In SEOUL Day 3	콘서트	EYES ON ME	In SEOUL Day 3	2019. 6. 9.	660576134
1b14a1	비올레타	EYES ON ME In SEOUL Day 3	콘서트	EYES ON ME	In SEOUL Day 3	2019. 6. 9.	660872060
5051ae	비밀의 시간	EYES ON ME In SEOUL Day 3	콘서트	EYES ON ME	In SEOUL Day 3	2019. 6. 9.	660872664
c35bc4	하늘 위로	EYES ON ME In SEOUL Day 3	콘서트	EYES ON ME	In SEOUL Day 3	2019. 6. 9.	661094118
29a851	Buenos Aires	TV Asahi MUSIC STATION	음악방송 (해외)	Buenos Aires	TV Asahi MUSIC STATION	2019. 6. 21.	660046790
491435	Buenos Aires	NHK 우타콘	음악방송 (해외)	Buenos Aires	NHK 우타콘	2019. 6. 25.	660046931
712cdc	환상동화	음악중심 685회	음악방송 (한국)	MBC 음악중심	685회	2020. 7. 4.	658284219
3a477e	환상동화	음악중심 703회	음악방송 (한국)	MBC 음악중심	703회	2020. 11. 21.	658284512
c83b72	Buenos Aires	TBS CDTV	음악방송 (해외)	Buenos Aires	TBS CDTV	2019. 6. 30.	660047054
81cf33	Buenos Aires	Fuji TV MUSIC FAIR	음악방송 (해외)	Buenos Aires	Fuji TV MUSIC FAIR	2019. 7. 6.	660047198
af4d8e	Suki to Iwasetai	TBS 음악의 날	공연	TBS	음악의 날	2019. 7. 13.	656067179
c75f3f	Buenos Aires	TBS 음악의 날	공연	TBS	음악의 날	2019. 7. 13.	661086659
e6776e	Buenos Aires	NTV BUZZ RHYTHM 02	음악방송 (해외)	Buenos Aires	NTV BUZZ RHYTHM 02	2019. 7. 20.	660047341
2720b4	라비앙로즈	NTV BUZZ RHYTHM 02	음악방송 (해외)	Buenos Aires	NTV BUZZ RHYTHM 02	2019. 7. 20.	660047472
4fac34	반해버리잖아?	FNS 2019	공연	Fuji TV FNS Music Festival	2019	2019. 7. 24.	661086749
3db9f6	Highlight	MGMA 2019	공연	M2 X Genie Music Awards	2019	2019. 8. 1.	656065358
607ab6	비올레타	MGMA 2019	공연	M2 X Genie Music Awards	2019	2019. 8. 1.	661086965
f1feec	비올레타	KCON 2019 in NY Day 3	공연	KCON	2019 in NY Day 3	2019. 8. 17.	661088163
46bc35	Highlight	KCON 2019 in NY Day 3	공연	KCON	2019 in NY Day 3	2019. 8. 17.	656122412
0dc29b	라비앙로즈	KCON 2019 in NY Day 3	공연	KCON	2019 in NY Day 3	2019. 8. 17.	656122886
3aaf98	Airplane	KCON 2019 in NY Day 3	공연	KCON	2019 in NY Day 3	2019. 8. 17.	656123417
fec149	내꺼야	KCON 2019 in NY Day 3	공연	KCON	2019 in NY Day 3	2019. 8. 17.	656123780
d199f1	Suki to Iwasetai	AICHI IMPACT! 2019 K-POP FESTIVAL	공연	AICHI IMPACT!	2019 K-POP FESTIVAL	2019. 8. 31.	656124029
267052	반해버리잖아?	AICHI IMPACT! 2019 K-POP FESTIVAL	공연	AICHI IMPACT!	2019 K-POP FESTIVAL	2019. 8. 31.	656124306
7d14b5	라비앙로즈	AICHI IMPACT! 2019 K-POP FESTIVAL	공연	AICHI IMPACT!	2019 K-POP FESTIVAL	2019. 8. 31.	656124583
c6bbc1	하늘 위로	AICHI IMPACT! 2019 K-POP FESTIVAL	공연	AICHI IMPACT!	2019 K-POP FESTIVAL	2019. 8. 31.	656124826
464e4b	해바라기	EYES ON ME In JAPAN Marine Messe Fukuoka	콘서트	EYES ON ME	In JAPAN Marine Messe Fukuoka	2019. 9. 8.	659235800
2f3aa1	O' My!	EYES ON ME In JAPAN Marine Messe Fukuoka	콘서트	EYES ON ME	In JAPAN Marine Messe Fukuoka	2019. 9. 8.	659236024
752120	앞으로 잘 부탁해	EYES ON ME In JAPAN Marine Messe Fukuoka	콘서트	EYES ON ME	In JAPAN Marine Messe Fukuoka	2019. 9. 8.	659236132
809511	고양이가 되고 싶어	EYES ON ME In JAPAN Marine Messe Fukuoka	콘서트	EYES ON ME	In JAPAN Marine Messe Fukuoka	2019. 9. 8.	659236287
97f5ee	기분 좋은 안녕	EYES ON ME In JAPAN Marine Messe Fukuoka	콘서트	EYES ON ME	In JAPAN Marine Messe Fukuoka	2019. 9. 8.	659236464
c862bd	Airplane	EYES ON ME In JAPAN Marine Messe Fukuoka	콘서트	EYES ON ME	In JAPAN Marine Messe Fukuoka	2019. 9. 8.	659236618
e4bacd	꿈을 꾸는 동안	EYES ON ME In JAPAN Marine Messe Fukuoka	콘서트	EYES ON ME	In JAPAN Marine Messe Fukuoka	2019. 9. 8.	659236757
0c6189	Really Like You	EYES ON ME In JAPAN Marine Messe Fukuoka	콘서트	EYES ON ME	In JAPAN Marine Messe Fukuoka	2019. 9. 8.	659237225
d14aaf	아름다운 색	EYES ON ME In JAPAN Marine Messe Fukuoka	콘서트	EYES ON ME	In JAPAN Marine Messe Fukuoka	2019. 9. 8.	659237073
5f1ab6	내꺼야	EYES ON ME In JAPAN Marine Messe Fukuoka	콘서트	EYES ON ME	In JAPAN Marine Messe Fukuoka	2019. 9. 8.	659237414
c8f8cf	SO CURIOUS	EYES ON ME In JAPAN Marine Messe Fukuoka	콘서트	EYES ON ME	In JAPAN Marine Messe Fukuoka	2019. 9. 8.	659237649
46e8ba	AYAYAYA	EYES ON ME In JAPAN Marine Messe Fukuoka	콘서트	EYES ON ME	In JAPAN Marine Messe Fukuoka	2019. 9. 8.	659237539
5af9b9	Suki to Iwasetai	EYES ON ME In JAPAN Marine Messe Fukuoka	콘서트	EYES ON ME	In JAPAN Marine Messe Fukuoka	2019. 9. 8.	659237989
31eef8	반해버리잖아?	EYES ON ME In JAPAN Marine Messe Fukuoka	콘서트	EYES ON ME	In JAPAN Marine Messe Fukuoka	2019. 9. 8.	659238231
5163c4	Highlight	EYES ON ME In JAPAN Marine Messe Fukuoka	콘서트	EYES ON ME	In JAPAN Marine Messe Fukuoka	2019. 9. 8.	659238379
fb92ce	라비앙로즈	EYES ON ME In JAPAN Marine Messe Fukuoka	콘서트	EYES ON ME	In JAPAN Marine Messe Fukuoka	2019. 9. 8.	659238701
9fa048	Rumor	EYES ON ME In JAPAN Marine Messe Fukuoka	콘서트	EYES ON ME	In JAPAN Marine Messe Fukuoka	2019. 9. 8.	659238632
d6fa80	비올레타	EYES ON ME In JAPAN Marine Messe Fukuoka	콘서트	EYES ON ME	In JAPAN Marine Messe Fukuoka	2019. 9. 8.	659238827
9b6548	Buenos Aires	EYES ON ME In JAPAN Marine Messe Fukuoka	콘서트	EYES ON ME	In JAPAN Marine Messe Fukuoka	2019. 9. 8.	659239046
17077f	비밀의 시간	EYES ON ME In JAPAN Marine Messe Fukuoka	콘서트	EYES ON ME	In JAPAN Marine Messe Fukuoka	2019. 9. 8.	659239299
eaa917	年下Boyfriend	EYES ON ME In JAPAN Marine Messe Fukuoka	콘서트	EYES ON ME	In JAPAN Marine Messe Fukuoka	2019. 9. 8.	659239533
009a48	하늘 위로	EYES ON ME In JAPAN Marine Messe Fukuoka	콘서트	EYES ON ME	In JAPAN Marine Messe Fukuoka	2019. 9. 8.	659239722
4f9ad4	Vampire	TV Asahi MUSIC STATION	음악방송 (해외)	Vampire	TV Asahi MUSIC STATION	2019. 9. 13.	660047622
62ed2e	Vampire	NHK 우타콘	음악방송 (해외)	Vampire	NHK 우타콘	2019. 9. 24.	660047758
e6846f	해바라기	EYES ON ME In JAPAN Saitama Super Arena	콘서트	EYES ON ME	In JAPAN Saitama Super Arena	2019. 9. 25.	659596067
61cec2	O' My!	EYES ON ME In JAPAN Saitama Super Arena	콘서트	EYES ON ME	In JAPAN Saitama Super Arena	2019. 9. 25.	659596235
70baf7	앞으로 잘 부탁해	EYES ON ME In JAPAN Saitama Super Arena	콘서트	EYES ON ME	In JAPAN Saitama Super Arena	2019. 9. 25.	659596328
ff673f	고양이가 되고 싶어	EYES ON ME In JAPAN Saitama Super Arena	콘서트	EYES ON ME	In JAPAN Saitama Super Arena	2019. 9. 25.	659596440
a44954	기분 좋은 안녕	EYES ON ME In JAPAN Saitama Super Arena	콘서트	EYES ON ME	In JAPAN Saitama Super Arena	2019. 9. 25.	659596558
325fbe	Airplane	EYES ON ME In JAPAN Saitama Super Arena	콘서트	EYES ON ME	In JAPAN Saitama Super Arena	2019. 9. 25.	659596671
1593c7	꿈을 꾸는 동안	EYES ON ME In JAPAN Saitama Super Arena	콘서트	EYES ON ME	In JAPAN Saitama Super Arena	2019. 9. 25.	659596753
b6da5d	Really Like You	EYES ON ME In JAPAN Saitama Super Arena	콘서트	EYES ON ME	In JAPAN Saitama Super Arena	2019. 9. 25.	659596867
64db4a	아름다운 색	EYES ON ME In JAPAN Saitama Super Arena	콘서트	EYES ON ME	In JAPAN Saitama Super Arena	2019. 9. 25.	659596973
908efe	내꺼야	EYES ON ME In JAPAN Saitama Super Arena	콘서트	EYES ON ME	In JAPAN Saitama Super Arena	2019. 9. 25.	659597082
d3cab6	SO CURIOUS	EYES ON ME In JAPAN Saitama Super Arena	콘서트	EYES ON ME	In JAPAN Saitama Super Arena	2019. 9. 25.	659597300
ff74a4	AYAYAYA	EYES ON ME In JAPAN Saitama Super Arena	콘서트	EYES ON ME	In JAPAN Saitama Super Arena	2019. 9. 25.	659597162
f8b9ab	Suki to Iwasetai	EYES ON ME In JAPAN Saitama Super Arena	콘서트	EYES ON ME	In JAPAN Saitama Super Arena	2019. 9. 25.	659597415
4f1fde	반해버리잖아?	EYES ON ME In JAPAN Saitama Super Arena	콘서트	EYES ON ME	In JAPAN Saitama Super Arena	2019. 9. 25.	659597557
57113d	Highlight	EYES ON ME In JAPAN Saitama Super Arena	콘서트	EYES ON ME	In JAPAN Saitama Super Arena	2019. 9. 25.	659597667
b19cf2	라비앙로즈	EYES ON ME In JAPAN Saitama Super Arena	콘서트	EYES ON ME	In JAPAN Saitama Super Arena	2019. 9. 25.	659597803
1e17b0	Rumor	EYES ON ME In JAPAN Saitama Super Arena	콘서트	EYES ON ME	In JAPAN Saitama Super Arena	2019. 9. 25.	659597939
402db6	비올레타	EYES ON ME In JAPAN Saitama Super Arena	콘서트	EYES ON ME	In JAPAN Saitama Super Arena	2019. 9. 25.	659598062
b69f14	Vampire	EYES ON ME In JAPAN Saitama Super Arena	콘서트	EYES ON ME	In JAPAN Saitama Super Arena	2019. 9. 25.	659598180
96d650	비밀의 시간	EYES ON ME In JAPAN Saitama Super Arena	콘서트	EYES ON ME	In JAPAN Saitama Super Arena	2019. 9. 25.	659598301
476fc2	年下Boyfriend	EYES ON ME In JAPAN Saitama Super Arena	콘서트	EYES ON ME	In JAPAN Saitama Super Arena	2019. 9. 25.	659598455
634f1c	하늘 위로	EYES ON ME In JAPAN Saitama Super Arena	콘서트	EYES ON ME	In JAPAN Saitama Super Arena	2019. 9. 25.	659598605
609230	해바라기	KCON 2019 in THAILAND Day 2	공연	KCON	2019 in THAILAND Day 2	2019. 9. 29.	661087090
f16851	비올레타	KCON 2019 in THAILAND Day 2	공연	KCON	2019 in THAILAND Day 2	2019. 9. 29.	661087188
6fc220	Highlight	KCON 2019 in THAILAND Day 2	공연	KCON	2019 in THAILAND Day 2	2019. 9. 29.	661087266
33240c	라비앙로즈	KCON 2019 in THAILAND Day 2	공연	KCON	2019 in THAILAND Day 2	2019. 9. 29.	656127568
87b2e6	Airplane	KCON 2019 in THAILAND Day 2	공연	KCON	2019 in THAILAND Day 2	2019. 9. 29.	656128291
bd0430	내꺼야	KCON 2019 in THAILAND Day 2	공연	KCON	2019 in THAILAND Day 2	2019. 9. 29.	656128951
b8665d	Vampire	Fuji TV MUSIC FAIR	음악방송 (해외)	Vampire	Fuji TV MUSIC FAIR	2019. 9. 30.	660047883
175417	Vampire	NHK 시부야노트	음악방송 (해외)	Vampire	NHK 시부야노트	2019. 10. 6.	660048041
0c9590	Sequence	음악중심 706회	음악방송 (한국)	MBC 음악중심	706회	2020. 12. 12.	658905497
ad99c8	Intro	COMBACK IZ*ONE BLOOM*IZ	공연	컴백쇼	COMBACK IZ*ONE BLOOM*IZ	2020. 2. 17.	656489273
306abc	SPACESHIP	COMBACK IZ*ONE BLOOM*IZ	공연	컴백쇼	COMBACK IZ*ONE BLOOM*IZ	2020. 2. 17.	656489589
d23d84	해바라기	COMBACK IZ*ONE BLOOM*IZ	공연	컴백쇼	COMBACK IZ*ONE BLOOM*IZ	2020. 2. 17.	656490080
374104	AYAYAYA	COMBACK IZ*ONE BLOOM*IZ	공연	컴백쇼	COMBACK IZ*ONE BLOOM*IZ	2020. 2. 17.	656491039
2d9aa7	SO CURIOUS	COMBACK IZ*ONE BLOOM*IZ	공연	컴백쇼	COMBACK IZ*ONE BLOOM*IZ	2020. 2. 17.	656492075
4b0d91	FIESTA	COMBACK IZ*ONE BLOOM*IZ	공연	컴백쇼	COMBACK IZ*ONE BLOOM*IZ	2020. 2. 17.	656493157
1b7396	Panorama	음악중심 706회	음악방송 (한국)	MBC 음악중심	706회	2020. 12. 12.	658905061
307751	Sequence	음악중심 709회	음악방송 (한국)	MBC 음악중심	709회	2021. 1. 9.	658904272
f21b92	O' My!	엠카운트다운 594회	음악방송 (한국)	Mnet 엠카운트다운	594회	2018. 11. 1.	657750836
bfeaa3	라비앙로즈	엠카운트다운 594회	음악방송 (한국)	Mnet 엠카운트다운	594회	2018. 11. 1.	657751529
45612d	라비앙로즈	엠카운트다운 595회	음악방송 (한국)	Mnet 엠카운트다운	595회	2018. 11. 8.	657753490
311c71	라비앙로즈	엠카운트다운 596회	음악방송 (한국)	Mnet 엠카운트다운	596회	2018. 11. 15.	657756025
74102a	하늘 위로	엠카운트다운 613회	음악방송 (한국)	Mnet 엠카운트다운	613회	2019. 4. 4.	658086088
af0222	Really Like You	엠카운트다운 613회	음악방송 (한국)	Mnet 엠카운트다운	613회	2019. 4. 4.	658085202
6a3cfa	비올레타	엠카운트다운 613회	음악방송 (한국)	Mnet 엠카운트다운	613회	2019. 4. 4.	658086754
75c6ea	비올레타	엠카운트다운 614회	음악방송 (한국)	Mnet 엠카운트다운	614회	2019. 4. 11.	658233543
4d1eeb	비올레타	엠카운트다운 615회	음악방송 (한국)	Mnet 엠카운트다운	615회	2019. 4. 18.	658235289
689a0a	비올레타	엠카운트다운 643회	음악방송 (한국)	Mnet 엠카운트다운	643회	2019. 11. 21.	658236652
21a871	우연이 아니야	엠카운트다운 653회	음악방송 (한국)	Mnet 엠카운트다운	653회	2020. 2. 20.	658270453
9f2a6c	FIESTA	엠카운트다운 653회	음악방송 (한국)	Mnet 엠카운트다운	653회	2020. 2. 20.	658270729
9d8eee	SPACESHIP	엠카운트다운 653회	음악방송 (한국)	Mnet 엠카운트다운	653회	2020. 2. 20.	658268020
52bb34	FIESTA	엠카운트다운 654회	음악방송 (한국)	Mnet 엠카운트다운	654회	2020. 2. 27.	658270069
94fbaf	FIESTA	엠카운트다운 655회	음악방송 (한국)	Mnet 엠카운트다운	655회	2020. 3. 5.	658273046
afa722	Pretty	엠카운트다운 670회	음악방송 (한국)	Mnet 엠카운트다운	670회	2020. 6. 18.	658278627
377cce	회전목마	엠카운트다운 670회	음악방송 (한국)	Mnet 엠카운트다운	670회	2020. 6. 18.	658278439
b1e9c7	환상동화	TBS CDTV Live! Live!	음악방송 (해외)	Oneiric Diary	TBS CDTV Live! Live!	2020. 7. 6.	660048160
c3bcf6	회전목마	IZ*ONE COMBACK SHOW <ONEIRIC DIARY>	공연	컴백쇼	IZ*ONE COMBACK SHOW <ONEIRIC DIARY>	2020. 6. 15.	656494253
8d07bf	Pretty	IZ*ONE COMBACK SHOW <ONEIRIC DIARY>	공연	컴백쇼	IZ*ONE COMBACK SHOW <ONEIRIC DIARY>	2020. 6. 15.	656495402
208873	With*One	IZ*ONE COMBACK SHOW <ONEIRIC DIARY>	공연	컴백쇼	IZ*ONE COMBACK SHOW <ONEIRIC DIARY>	2020. 6. 15.	656496625
8d11d0	Welcome	IZ*ONE COMBACK SHOW <ONEIRIC DIARY>	공연	컴백쇼	IZ*ONE COMBACK SHOW <ONEIRIC DIARY>	2020. 6. 15.	656497667
47bd03	환상동화	IZ*ONE COMBACK SHOW <ONEIRIC DIARY>	공연	컴백쇼	IZ*ONE COMBACK SHOW <ONEIRIC DIARY>	2020. 6. 15.	656498076
f5706a	Welcome	엠카운트다운 670회	음악방송 (한국)	Mnet 엠카운트다운	670회	2020. 6. 18.	658278987
fb6b05	환상동화	엠카운트다운 670회	음악방송 (한국)	Mnet 엠카운트다운	670회	2020. 6. 18.	658278818
c9fd6b	환상동화	엠카운트다운 672회	음악방송 (한국)	Mnet 엠카운트다운	672회	2020. 7. 2.	658283994
9cf9b0	Panorama	엠카운트다운 692회	음악방송 (한국)	Mnet 엠카운트다운	692회	2020. 12. 17.	658913900
0edc59	FIESTA	au 5G Special Event with IZ*ONE	공연	au 5G	Special Event with IZ*ONE	2020. 6. 18.	656499101
ecc7a3	라비앙로즈	au 5G Special Event with IZ*ONE	공연	au 5G	Special Event with IZ*ONE	2020. 6. 18.	656499848
a15416	비올레타	au 5G Special Event with IZ*ONE	공연	au 5G	Special Event with IZ*ONE	2020. 6. 18.	656500651
91b3c8	Highlight	au 5G Special Event with IZ*ONE	공연	au 5G	Special Event with IZ*ONE	2020. 6. 18.	656501944
d48c4a	YOU & I	au 5G Special Event with IZ*ONE	공연	au 5G	Special Event with IZ*ONE	2020. 6. 18.	656501267
63ffbc	해바라기	au 5G Special Event with IZ*ONE	공연	au 5G	Special Event with IZ*ONE	2020. 6. 18.	656502611
01f244	SPACESHIP	au 5G Special Event with IZ*ONE	공연	au 5G	Special Event with IZ*ONE	2020. 6. 18.	656503296
2cc48b	우연이 아니야	au 5G Special Event with IZ*ONE	공연	au 5G	Special Event with IZ*ONE	2020. 6. 18.	656503859
2ec243	Airplane	au 5G Special Event with IZ*ONE	공연	au 5G	Special Event with IZ*ONE	2020. 6. 18.	656504725
900ce5	Really Like You	au 5G Special Event with IZ*ONE	공연	au 5G	Special Event with IZ*ONE	2020. 6. 18.	656505463
ff438e	O' My!	더쇼 170회	음악방송 (한국)	SBS MTV 더쇼	170회	2018. 11. 13.	657754729
7ddbec	라비앙로즈	더쇼 170회	음악방송 (한국)	SBS MTV 더쇼	170회	2018. 11. 13.	657755140
23efa1	라비앙로즈	더쇼 171회	음악방송 (한국)	SBS MTV 더쇼	171회	2018. 11. 20.	658080637
1973ba	Welcome	KCON:TACT 2020 SUMMER	공연	KCON	KCON:TACT 2020 SUMMER	2020. 6. 22.	656539617
3f68f6	환상동화	KCON:TACT 2020 SUMMER	공연	KCON	KCON:TACT 2020 SUMMER	2020. 6. 22.	656539829
b68c6b	회전목마	KCON:TACT 2020 SUMMER	공연	KCON	KCON:TACT 2020 SUMMER	2020. 6. 22.	656540177
57209c	Pretty	KCON:TACT 2020 SUMMER	공연	KCON	KCON:TACT 2020 SUMMER	2020. 6. 22.	656540453
62d14f	FIESTA	KCON:TACT 2020 SUMMER	공연	KCON	KCON:TACT 2020 SUMMER	2020. 6. 22.	656540790
e47976	With*One	KCON:TACT 2020 SUMMER	공연	KCON	KCON:TACT 2020 SUMMER	2020. 6. 22.	656541503
95dc1b	하늘 위로	더쇼 184회	음악방송 (한국)	SBS MTV 더쇼	184회	2019. 4. 9.	658093799
b75fd0	비올레타	더쇼 184회	음악방송 (한국)	SBS MTV 더쇼	184회	2019. 4. 9.	658094638
64dab7	비올레타	더쇼 185회	음악방송 (한국)	SBS MTV 더쇼	185회	2019. 4. 16.	658234731
3bb83c	FIESTA	더쇼 216회	음악방송 (한국)	SBS MTV 더쇼	216회	2020. 2. 25.	658269272
c8f490	SPACESHIP	더쇼 216회	음악방송 (한국)	SBS MTV 더쇼	216회	2020. 2. 25.	658269513
af83bc	FIESTA	더쇼 217회	음악방송 (한국)	SBS MTV 더쇼	217회	2020. 3. 3.	658272439
5c8327	With*One	더쇼 229회	음악방송 (한국)	SBS MTV 더쇼	229회	2020. 6. 23.	658279778
30c458	Pretty	더쇼 229회	음악방송 (한국)	SBS MTV 더쇼	229회	2020. 6. 23.	658279508
4ba4b2	환상동화	더쇼 229회	음악방송 (한국)	SBS MTV 더쇼	229회	2020. 6. 23.	658279645
c42348	환상동화	더쇼 230회	음악방송 (한국)	SBS MTV 더쇼	230회	2020. 6. 30.	658283757
ce3ef0	Panorama	더쇼 248회	음악방송 (한국)	SBS MTV 더쇼	248회	2020. 12. 15.	658913431
e8f085	Sequence	더쇼 248회	음악방송 (한국)	SBS MTV 더쇼	248회	2020. 12. 15.	658913665
c4bcad	라비앙로즈	인기가요 980회	음악방송 (한국)	SBS 인기가요	980회	2018. 11. 11.	657754361
f631fb	하늘 위로	인기가요 997회	음악방송 (한국)	SBS 인기가요	997회	2019. 4. 7.	658091775
c38b2d	비올레타	인기가요 997회	음악방송 (한국)	SBS 인기가요	997회	2019. 4. 7.	658092533
63848b	환상동화	NTV BUZZ RHYTHM 02	음악방송 (해외)	Oneiric Diary	NTV BUZZ RHYTHM 02	2020. 7. 18.	660048338
72edd4	환상동화	소리바다 베스트 K-뮤직 어워즈 2020	공연	소리바다 베스트 K-뮤직 어워즈	2020	2020. 8. 13.	661087344
83c2f6	Welcome	ONEIRIC THEATER	콘서트	온라인 콘서트	ONEIRIC THEATER	2020. 9. 13.	552362143
e92d5f	환상동화	ONEIRIC THEATER	콘서트	온라인 콘서트	ONEIRIC THEATER	2020. 9. 13.	552362312
601760	회전목마	ONEIRIC THEATER	콘서트	온라인 콘서트	ONEIRIC THEATER	2020. 9. 13.	552364610
af2b8b	Rococo	ONEIRIC THEATER	콘서트	온라인 콘서트	ONEIRIC THEATER	2020. 9. 13.	552364992
e017bb	O' My!	ONEIRIC THEATER	콘서트	온라인 콘서트	ONEIRIC THEATER	2020. 9. 13.	552367157
0eb236	Pretty	ONEIRIC THEATER	콘서트	온라인 콘서트	ONEIRIC THEATER	2020. 9. 13.	552367899
6286b0	YOU & I	ONEIRIC THEATER	콘서트	온라인 콘서트	ONEIRIC THEATER	2020. 9. 13.	552370759
ce8c29	비밀의 시간	ONEIRIC THEATER	콘서트	온라인 콘서트	ONEIRIC THEATER	2020. 9. 13.	552371231
d06500	Intro	ONEIRIC THEATER	콘서트	온라인 콘서트	ONEIRIC THEATER	2020. 9. 13.	653367748
761fc1	언젠가 우리의 밤도 지나가겠죠	ONEIRIC THEATER	콘서트	온라인 콘서트	ONEIRIC THEATER	2020. 9. 13.	552373510
4e81c6	라비앙로즈	ONEIRIC THEATER	콘서트	온라인 콘서트	ONEIRIC THEATER	2020. 9. 13.	653376929
848029	비올레타	ONEIRIC THEATER	콘서트	온라인 콘서트	ONEIRIC THEATER	2020. 9. 13.	560879656
9952ab	FIESTA	ONEIRIC THEATER	콘서트	온라인 콘서트	ONEIRIC THEATER	2020. 9. 13.	560880143
63b937	하늘 위로	ONEIRIC THEATER	콘서트	온라인 콘서트	ONEIRIC THEATER	2020. 9. 13.	552353113
04b5f9	Airplane	ONEIRIC THEATER	콘서트	온라인 콘서트	ONEIRIC THEATER	2020. 9. 13.	552358613
a6a3da	SPACESHIP	ONEIRIC THEATER	콘서트	온라인 콘서트	ONEIRIC THEATER	2020. 9. 13.	552358913
81c559	우연이 아니야	ONEIRIC THEATER	콘서트	온라인 콘서트	ONEIRIC THEATER	2020. 9. 13.	653375975
546536	꿈을 꾸는 동안	ONEIRIC THEATER	콘서트	온라인 콘서트	ONEIRIC THEATER	2020. 9. 13.	553704497
2e68e4	With*One	ONEIRIC THEATER	콘서트	온라인 콘서트	ONEIRIC THEATER	2020. 9. 13.	653374939
b929d7	Beware	KCON:TACT season 2	공연	KCON	KCON:TACT season 2	2020. 10. 17.	660907199
f22755	환상동화	KCON:TACT season 2	공연	KCON	KCON:TACT season 2	2020. 10. 17.	660907850
8bc0b0	FIESTA	KCON:TACT season 2	공연	KCON	KCON:TACT season 2	2020. 10. 17.	660908520
38e965	회전목마	KCON:TACT season 2	공연	KCON	KCON:TACT season 2	2020. 10. 17.	660908871
087a99	Airplane	KCON:TACT season 2	공연	KCON	KCON:TACT season 2	2020. 10. 17.	660909138
edc066	Beware	NTV BUZZ RHYTHM 02	음악방송 (해외)	Twelve	NTV BUZZ RHYTHM 02	2020. 10. 24.	660048510
cc628f	FIESTA	SBS Super Concert 2020 SUPER ON:TACT	공연	SBS Super Concert	2020 SUPER ON:TACT	2020. 10. 24.	656544627
f4563d	라비앙로즈	SBS Super Concert 2020 SUPER ON:TACT	공연	SBS Super Concert	2020 SUPER ON:TACT	2020. 10. 24.	656545306
f016d8	회전목마	SBS Super Concert 2020 SUPER ON:TACT	공연	SBS Super Concert	2020 SUPER ON:TACT	2020. 10. 24.	656545995
cdf608	Rococo	SBS Super Concert 2020 SUPER ON:TACT	공연	SBS Super Concert	2020 SUPER ON:TACT	2020. 10. 24.	656546599
4daf94	환상동화	SBS Super Concert 2020 SUPER ON:TACT	공연	SBS Super Concert	2020 SUPER ON:TACT	2020. 10. 24.	656547319
78bdae	Beware	TBS CDTV	음악방송 (해외)	Twelve	TBS CDTV	2020. 10. 25.	660048649
59145c	FIESTA	W Korea LOVE YOUR W	공연	W Korea	LOVE YOUR W	2020. 10. 30.	656547894
4d5a47	환상동화	W Korea LOVE YOUR W	공연	W Korea	LOVE YOUR W	2020. 10. 30.	656548137
66a130	Beware	NTV スッキリ (슷키리)	음악방송 (해외)	Twelve	NTV スッキリ (슷키리)	2020. 11. 3.	660048793
193571	Beware	Fuji TV Love Music	음악방송 (해외)	Twelve	Fuji TV Love Music	2020. 11. 9.	660048943
1111eb	비올레타	인기가요 998회	음악방송 (한국)	SBS 인기가요	998회	2019. 4. 14.	658234364
8a65c6	FIESTA	U+ IDOL LIVE MIC ON	공연	U+ IDOL LIVE	MIC ON	2020. 11. 21.	656548359
ae24c5	회전목마	U+ IDOL LIVE MIC ON	공연	U+ IDOL LIVE	MIC ON	2020. 11. 21.	656549076
1990f9	With*One	U+ IDOL LIVE MIC ON	공연	U+ IDOL LIVE	MIC ON	2020. 11. 21.	656549824
148c00	우연이 아니야	U+ IDOL LIVE MIC ON	공연	U+ IDOL LIVE	MIC ON	2020. 11. 21.	656550734
c07e5e	환상동화	U+ IDOL LIVE MIC ON	공연	U+ IDOL LIVE	MIC ON	2020. 11. 21.	656551538
0e7553	환상동화	UNIVERSE UNI-KON	공연	UNIVERSE	UNI-KON	2021. 2. 14.	657342183
0f80ec	Beware	NTV Best Artist 2020	공연	NTV Best Artist	2020	2020. 11. 25.	656927977
03ee66	Rococo	AAA 2020	공연	Asian Artist Awards	2020	2020. 11. 28.	656928946
1dd463	환상동화	AAA 2020	공연	Asian Artist Awards	2020	2020. 11. 28.	656929468
d7c0b1	Beware	FNS 2020	공연	Fuji TV FNS Music Festival	2020	2020. 12. 2.	657328210
badcd3	Intro	MMA 2020	공연	Melon Music Awards	2020	2020. 12. 5.	657328798
17ebd3	FIESTA	MMA 2020	공연	Melon Music Awards	2020	2020. 12. 5.	657328941
baf6d3	Dance break	MMA 2020	공연	Melon Music Awards	2020	2020. 12. 5.	657329540
7ed9dd	환상동화	MMA 2020	공연	Melon Music Awards	2020	2020. 12. 5.	657329787
21f3bd	라비앙로즈	MAMA 2020	공연	Mnet Asian Music Awards	2020	2020. 12. 6.	657330606
92cf55	환상동화	MAMA 2020	공연	Mnet Asian Music Awards	2020	2020. 12. 6.	657331471
3bed28	비올레타	MAMA 2020	공연	Mnet Asian Music Awards	2020	2020. 12. 6.	657330841
962c59	FIESTA	MAMA 2020	공연	Mnet Asian Music Awards	2020	2020. 12. 6.	657331195
b0ae32	Panorama	MAMA 2020	공연	Mnet Asian Music Awards	2020	2020. 12. 6.	661087553
2198ab	Sequence	IZ*ONE One-reeler Premiere	공연	컴백쇼	IZ*ONE One-reeler Premiere	2020. 12. 7.	656934558
408336	비올레타	인기가요 999회	음악방송 (한국)	SBS 인기가요	999회	2019. 4. 21.	658235825
7b7680	FIESTA	인기가요 1035회	음악방송 (한국)	SBS 인기가요	1035회	2020. 2. 23.	658269045
0abd26	Panorama	IZ*ONE One-reeler Premiere	공연	컴백쇼	IZ*ONE One-reeler Premiere	2020. 12. 7.	657332614
aa64af	FIESTA	인기가요 1036회	음악방송 (한국)	SBS 인기가요	1036회	2020. 3. 1.	658272057
75e7c9	Welcome	TMA ONTACT	공연	더팩트 뮤직 어워즈	ONTACT	2020. 12. 12.	657334685
9b8ed3	환상동화	TMA ONTACT	공연	더팩트 뮤직 어워즈	ONTACT	2020. 12. 12.	657334931
431afe	Dance break	TMA ONTACT	공연	더팩트 뮤직 어워즈	ONTACT	2020. 12. 12.	657334825
19db46	Panorama	TMA ONTACT	공연	더팩트 뮤직 어워즈	ONTACT	2020. 12. 12.	657335263
ca45a7	FIESTA	인기가요 1037회	음악방송 (한국)	SBS 인기가요	1037회	2020. 3. 8.	658274479
6db97f	환상동화	인기가요 1052회	음악방송 (한국)	SBS 인기가요	1052회	2020. 6. 21.	658279334
a4181c	환상동화	인기가요 1053회	음악방송 (한국)	SBS 인기가요	1053회	2020. 6. 28.	658283624
d09ed9	환상동화	인기가요 1054회	음악방송 (한국)	SBS 인기가요	1054회	2020. 7. 5.	658284367
3b6c79	Panorama	인기가요 1075회	음악방송 (한국)	SBS 인기가요	1075회	2020. 12. 13.	658905832
970aba	FIESTA	KBS 가요대축제 2020	공연	KBS 가요대축제	2020	2020. 12. 18.	657335791
809436	Panorama	KBS 가요대축제 2020	공연	KBS 가요대축제	2020	2020. 12. 18.	657336013
1745a5	Beware	ABEMA TV FUN FUN 2020	공연	ABEMA TV	FUN FUN 2020	2020. 12. 24.	657336998
9265a8	FIESTA	ABEMA TV FUN FUN 2020	공연	ABEMA TV	FUN FUN 2020	2020. 12. 24.	657337371
1f511c	환상동화	SBS 가요대전 2020 in DAEGU	공연	SBS 가요대전	2020 in DAEGU	2020. 12. 25.	657337954
cd4acb	Panorama	SBS 가요대전 2020 in DAEGU	공연	SBS 가요대전	2020 in DAEGU	2020. 12. 25.	657338366
a87225	Panorama	MBC 가요대제전 2020	공연	MBC 가요대제전	2020	2020. 12. 31.	656932283
39a992	Sequence	인기가요 1075회	음악방송 (한국)	SBS 인기가요	1075회	2020. 12. 13.	658913208
6250f4	Really Like You	SMA 2020	공연	서울가요대상	2020	2021. 1. 31.	657339424
6a200b	Dance break	SMA 2020	공연	서울가요대상	2020	2021. 1. 31.	657339826
e3e828	Sequence	SMA 2020	공연	서울가요대상	2020	2021. 1. 31.	657340027
47da31	Panorama	SMA 2020	공연	서울가요대상	2020	2021. 1. 31.	657340264
a59bf2	느린 여행	SMA 2020	공연	서울가요대상	2020	2021. 1. 31.	657341469
ff7540	FIESTA	UNIVERSE UNI-KON	공연	UNIVERSE	UNI-KON	2021. 2. 14.	657342620
b35721	Panorama	UNIVERSE UNI-KON	공연	UNIVERSE	UNI-KON	2021. 2. 14.	657343140
5a8f24	With*One	UNIVERSE UNI-KON	공연	UNIVERSE	UNI-KON	2021. 2. 14.	657343877
411743	D-D-DANCE	UNIVERSE UNI-KON	공연	UNIVERSE	UNI-KON	2021. 2. 14.	657344594
3abeaa	D-D-DANCE	UNIVERSE IZ*ONE FAN PARTY	공연	UNIVERSE	IZ*ONE FAN PARTY	2021. 2. 28.	661087690
a11bae	라비앙로즈	ONE, THE STORY Day 1	콘서트	온라인 콘서트	ONE, THE STORY Day 1	2021. 3. 13.	552270601
bfe048	Mise-en-Scène	ONE, THE STORY Day 1	콘서트	온라인 콘서트	ONE, THE STORY Day 1	2021. 3. 13.	551871286
4a657b	아름다운 색	ONE, THE STORY Day 1	콘서트	온라인 콘서트	ONE, THE STORY Day 1	2021. 3. 13.	552271886
ae4f27	O' My!	ONE, THE STORY Day 1	콘서트	온라인 콘서트	ONE, THE STORY Day 1	2021. 3. 13.	552272204
8d944c	Really Like You	ONE, THE STORY Day 1	콘서트	온라인 콘서트	ONE, THE STORY Day 1	2021. 3. 13.	552281735
651229	해바라기	ONE, THE STORY Day 1	콘서트	온라인 콘서트	ONE, THE STORY Day 1	2021. 3. 13.	552287051
10ad72	Highlight	ONE, THE STORY Day 1	콘서트	온라인 콘서트	ONE, THE STORY Day 1	2021. 3. 13.	552282938
974edf	비올레타	ONE, THE STORY Day 1	콘서트	온라인 콘서트	ONE, THE STORY Day 1	2021. 3. 13.	552287647
fb7d64	OPEN YOUR EYES	ONE, THE STORY Day 1	콘서트	온라인 콘서트	ONE, THE STORY Day 1	2021. 3. 13.	659812031
6a64d3	하늘 위로	ONE, THE STORY Day 1	콘서트	온라인 콘서트	ONE, THE STORY Day 1	2021. 3. 13.	659811940
fe35b9	Airplane	ONE, THE STORY Day 1	콘서트	온라인 콘서트	ONE, THE STORY Day 1	2021. 3. 13.	659811864
33a34f	SPACESHIP	ONE, THE STORY Day 1	콘서트	온라인 콘서트	ONE, THE STORY Day 1	2021. 3. 13.	659811802
7b4647	FIESTA	ONE, THE STORY Day 1	콘서트	온라인 콘서트	ONE, THE STORY Day 1	2021. 3. 13.	552327782
c2943f	Rococo	ONE, THE STORY Day 1	콘서트	온라인 콘서트	ONE, THE STORY Day 1	2021. 3. 13.	547795060
49a2bf	회전목마	ONE, THE STORY Day 1	콘서트	온라인 콘서트	ONE, THE STORY Day 1	2021. 3. 13.	552328041
6d077e	환상동화	ONE, THE STORY Day 1	콘서트	온라인 콘서트	ONE, THE STORY Day 1	2021. 3. 13.	552341702
76a115	Panorama	ONE, THE STORY Day 1	콘서트	온라인 콘서트	ONE, THE STORY Day 1	2021. 3. 13.	552332554
2b2152	Sequence	ONE, THE STORY Day 1	콘서트	온라인 콘서트	ONE, THE STORY Day 1	2021. 3. 13.	552325576
7b93a7	With*One	ONE, THE STORY Day 1	콘서트	온라인 콘서트	ONE, THE STORY Day 1	2021. 3. 13.	552333678
0fc3e4	Lesson	ONE, THE STORY Day 1	콘서트	온라인 콘서트	ONE, THE STORY Day 1	2021. 3. 13.	552342100
b1f61a	느린 여행	ONE, THE STORY Day 1	콘서트	온라인 콘서트	ONE, THE STORY Day 1	2021. 3. 13.	552343831
cdb415	라비앙로즈	ONE, THE STORY Day 2	콘서트	온라인 콘서트	ONE, THE STORY Day 2	2021. 3. 14.	659618091
4cb1ba	Mise-en-Scène	ONE, THE STORY Day 2	콘서트	온라인 콘서트	ONE, THE STORY Day 2	2021. 3. 14.	659618277
fce314	아름다운 색	ONE, THE STORY Day 2	콘서트	온라인 콘서트	ONE, THE STORY Day 2	2021. 3. 14.	659615859
33b2b9	O' My!	ONE, THE STORY Day 2	콘서트	온라인 콘서트	ONE, THE STORY Day 2	2021. 3. 14.	659616073
3f5fc9	Really Like You	ONE, THE STORY Day 2	콘서트	온라인 콘서트	ONE, THE STORY Day 2	2021. 3. 14.	659616269
026559	해바라기	ONE, THE STORY Day 2	콘서트	온라인 콘서트	ONE, THE STORY Day 2	2021. 3. 14.	659616465
222ee6	Highlight	ONE, THE STORY Day 2	콘서트	온라인 콘서트	ONE, THE STORY Day 2	2021. 3. 14.	659616666
2f8030	비올레타	ONE, THE STORY Day 2	콘서트	온라인 콘서트	ONE, THE STORY Day 2	2021. 3. 14.	659616866
be917f	언젠가 우리의 밤도 지나가겠죠	ONE, THE STORY Day 2	콘서트	온라인 콘서트	ONE, THE STORY Day 2	2021. 3. 14.	552350685
411117	DAYDREAM	ONE, THE STORY Day 2	콘서트	온라인 콘서트	ONE, THE STORY Day 2	2021. 3. 14.	552352616
ea76bc	PINK BLUSHER	ONE, THE STORY Day 2	콘서트	온라인 콘서트	ONE, THE STORY Day 2	2021. 3. 14.	552347187
d9fc1f	DREAMLIKE	ONE, THE STORY Day 2	콘서트	온라인 콘서트	ONE, THE STORY Day 2	2021. 3. 14.	659812284
fc8a8b	Island	ONE, THE STORY Day 2	콘서트	온라인 콘서트	ONE, THE STORY Day 2	2021. 3. 14.	659812237
e39bc0	Pretty	ONE, THE STORY Day 2	콘서트	온라인 콘서트	ONE, THE STORY Day 2	2021. 3. 14.	659812170
630a36	O Sole Mio	ONE, THE STORY Day 2	콘서트	온라인 콘서트	ONE, THE STORY Day 2	2021. 3. 14.	659812110
904736	FIESTA	ONE, THE STORY Day 2	콘서트	온라인 콘서트	ONE, THE STORY Day 2	2021. 3. 14.	659617012
38279a	Rococo	ONE, THE STORY Day 2	콘서트	온라인 콘서트	ONE, THE STORY Day 2	2021. 3. 14.	659617171
0d7b3c	회전목마	ONE, THE STORY Day 2	콘서트	온라인 콘서트	ONE, THE STORY Day 2	2021. 3. 14.	659617325
6ccdfd	환상동화	ONE, THE STORY Day 2	콘서트	온라인 콘서트	ONE, THE STORY Day 2	2021. 3. 14.	659617463
54fd96	Panorama	ONE, THE STORY Day 2	콘서트	온라인 콘서트	ONE, THE STORY Day 2	2021. 3. 14.	659617615
449c6e	Sequence	ONE, THE STORY Day 2	콘서트	온라인 콘서트	ONE, THE STORY Day 2	2021. 3. 14.	659617786
8a341e	With*One	ONE, THE STORY Day 2	콘서트	온라인 콘서트	ONE, THE STORY Day 2	2021. 3. 14.	659617943
ca9bac	평행우주	ONE, THE STORY Day 2	콘서트	온라인 콘서트	ONE, THE STORY Day 2	2021. 3. 14.	552350992
fcd6c5	느린 여행	ONE, THE STORY Day 2	콘서트	온라인 콘서트	ONE, THE STORY Day 2	2021. 3. 14.	552355467
